{"cameraMode":{"drawMode":0,"name":"Shaded","section":"Shading Mode"},"sceneLighting":false,"audioPlay":false,"sceneViewState":{"showFog":true,"showMaterialUpdate":false,"showSkybox":false,"showFlares":true,"showImageEffects":true,"showParticleSystems":true},"in2DMode":false,"pivot":{"x":31.14699935913086,"y":10.220999717712403,"z":-8.937999725341797},"rotation":{"x":-0.01673983968794346,"y":0.9728778600692749,"z":0.07456964254379273,"w":0.21836696565151215},"size":0.6086598634719849,"orthographic":false}