{"cameraMode":{"drawMode":0,"name":"Shaded","section":"Shading Mode"},"sceneLighting":false,"audioPlay":false,"sceneViewState":{"showFog":true,"showMaterialUpdate":false,"showSkybox":false,"showFlares":true,"showImageEffects":true,"showParticleSystems":true},"in2DMode":false,"pivot":{"x":0.550000011920929,"y":-0.4155999422073364,"z":1.4700000286102296},"rotation":{"x":-0.15994666516780854,"y":0.6761494874954224,"z":-0.1538824737071991,"w":-0.7025733590126038},"size":0.18127210438251496,"orthographic":false}