{"cameraMode":{"drawMode":0,"name":"Shaded","section":"Shading Mode"},"sceneLighting":false,"audioPlay":false,"sceneViewState":{"showFog":true,"showMaterialUpdate":false,"showSkybox":false,"showFlares":true,"showImageEffects":true,"showParticleSystems":true},"in2DMode":false,"pivot":{"x":-6.620538711547852,"y":-0.039999961853027347,"z":-21.810150146484376},"rotation":{"x":-0.13217808306217194,"y":0.8628395199775696,"z":-0.29150962829589846,"w":-0.39123257994651797},"size":5.992171764373779,"orthographic":false}