{"cameraMode":{"drawMode":0,"name":"Shaded","section":"Shading Mode"},"sceneLighting":false,"audioPlay":false,"sceneViewState":{"showFog":true,"showMaterialUpdate":false,"showSkybox":false,"showFlares":true,"showImageEffects":true,"showParticleSystems":true},"in2DMode":false,"pivot":{"x":11.38802719116211,"y":0.07800006866455078,"z":-1.9807395935058594},"rotation":{"x":-0.13217808306217194,"y":0.8628395199775696,"z":-0.29150962829589846,"w":-0.39123257994651797},"size":7.9107747077941898,"orthographic":false}